<?xml version="1.0" encoding="UTF-8"?>
<project-private xmlns="http://www.netbeans.org/ns/project-private/1">
    <editor-bookmarks xmlns="http://www.netbeans.org/ns/editor-bookmarks/2" lastBookmarkId="0"/>
    <open-files xmlns="http://www.netbeans.org/ns/projectui-open-files/2">
        <group>
            <file>file:/D:/Java%20SE/Emart/src/emart/gui/SplashScreenFrame.java</file>
            <file>file:/D:/Java%20SE/Emart/src/emart/gui/ViewOrdersFrame.java</file>
            <file>file:/D:/Java%20SE/Emart/src/emart/gui/BillingFrame.java</file>
            <file>file:/D:/Java%20SE/Emart/src/emart/gui/LoginFrame.java</file>
            <file>file:/D:/Java%20SE/Emart/src/emart/dao/ProductDAO.java</file>
            <file>file:/D:/Java%20SE/Emart/src/emart/dao/OrderDAO.java</file>
        </group>
    </open-files>
</project-private>
